{
  "epoch": [
    1.0,
    2.0,
    3.0,
    4.0,
    5.0,
    6.0,
    7.0,
    8.0,
    9.0,
    10.0,
    11.0,
    12.0,
    13.0,
    14.0,
    15.0,
    16.0,
    17.0,
    18.0,
    19.0,
    20.0,
    21.0,
    22.0,
    23.0,
    24.0,
    25.0,
    26.0,
    27.0,
    28.0,
    29.0,
    30.0,
    31.0,
    32.0,
    33.0,
    34.0,
    35.0,
    36.0,
    37.0,
    38.0,
    39.0,
    40.0,
    41.0,
    42.0,
    43.0,
    44.0,
    45.0,
    46.0,
    47.0,
    48.0,
    49.0,
    50.0
  ],
  "train_box_loss": [
    1.29515,
    1.26681,
    1.23865,
    1.20017,
    1.15761,
    1.14043,
    1.11723,
    1.10547,
    1.08468,
    1.06488,
    1.07144,
    1.05511,
    1.03786,
    1.0366,
    1.02629,
    1.013,
    1.01468,
    1.01146,
    1.00116,
    0.99299,
    0.9919,
    0.97819,
    0.9675,
    0.97225,
    0.95839,
    0.96265,
    0.95068,
    0.95479,
    0.94029,
    0.93627,
    0.93188,
    0.92431,
    0.91785,
    0.9128,
    0.90445,
    0.90447,
    0.89983,
    0.89652,
    0.88234,
    0.88468,
    0.83528,
    0.8323,
    0.81682,
    0.81328,
    0.7975,
    0.79754,
    0.78602,
    0.78118,
    0.77914,
    0.76337
  ],
  "train_cls_loss": [
    3.0037,
    1.72684,
    1.53766,
    1.41432,
    1.27411,
    1.2151,
    1.14712,
    1.09849,
    1.04481,
    1.01634,
    0.99037,
    0.97104,
    0.93034,
    0.92031,
    0.88526,
    0.8828,
    0.86879,
    0.85356,
    0.83165,
    0.81975,
    0.80322,
    0.79179,
    0.7791,
    0.77136,
    0.75996,
    0.74834,
    0.73649,
    0.73885,
    0.72415,
    0.7153,
    0.70125,
    0.69428,
    0.68629,
    0.67818,
    0.67383,
    0.67085,
    0.66043,
    0.65938,
    0.64676,
    0.63857,
    0.49253,
    0.47689,
    0.466,
    0.45964,
    0.45286,
    0.44717,
    0.4382,
    0.42974,
    0.42781,
    0.42334
  ],
  "train_dfl_loss": [
    1.34211,
    1.31925,
    1.2997,
    1.27386,
    1.25072,
    1.24386,
    1.22959,
    1.21763,
    1.2056,
    1.19735,
    1.19532,
    1.18533,
    1.17704,
    1.17406,
    1.17227,
    1.16499,
    1.16095,
    1.15722,
    1.15055,
    1.15165,
    1.14527,
    1.14203,
    1.1319,
    1.13898,
    1.13223,
    1.13162,
    1.12114,
    1.12693,
    1.12143,
    1.11595,
    1.11374,
    1.10948,
    1.10498,
    1.10339,
    1.09767,
    1.10096,
    1.09953,
    1.09446,
    1.09201,
    1.09266,
    1.03757,
    1.03441,
    1.02454,
    1.02329,
    1.02366,
    1.01768,
    1.01014,
    1.01644,
    1.0114,
    1.00403
  ],
  "val_box_loss": [
    1.05348,
    0.94675,
    0.93233,
    0.85337,
    0.87186,
    0.86227,
    0.87153,
    0.8094,
    0.80205,
    0.78502,
    0.80011,
    0.75697,
    0.74554,
    0.73863,
    0.7741,
    0.76608,
    0.72921,
    0.74024,
    0.72253,
    0.69765,
    0.71816,
    0.71053,
    0.69052,
    0.69159,
    0.70198,
    0.68711,
    0.70353,
    0.70663,
    0.68145,
    0.6707,
    0.68027,
    0.68648,
    0.68409,
    0.68292,
    0.67374,
    0.66988,
    0.6476,
    0.65405,
    0.64829,
    0.65591,
    0.66722,
    0.65255,
    0.64936,
    0.63812,
    0.63012,
    0.631,
    0.62886,
    0.62518,
    0.63323,
    0.63565
  ],
  "val_cls_loss": [
    1.2863,
    1.03912,
    1.04715,
    0.86121,
    0.7894,
    0.72933,
    0.68841,
    0.7139,
    0.65512,
    0.63282,
    0.60565,
    0.56419,
    0.56078,
    0.50256,
    0.52084,
    0.57272,
    0.52535,
    0.51423,
    0.50064,
    0.46989,
    0.48965,
    0.46466,
    0.45061,
    0.42935,
    0.46027,
    0.44992,
    0.45174,
    0.45464,
    0.43984,
    0.42756,
    0.4472,
    0.44009,
    0.4376,
    0.43707,
    0.40934,
    0.4192,
    0.39428,
    0.38879,
    0.38574,
    0.38366,
    0.40552,
    0.38568,
    0.37906,
    0.37768,
    0.36544,
    0.36779,
    0.36363,
    0.36475,
    0.38005,
    0.38277
  ],
  "val_dfl_loss": [
    1.06735,
    0.98006,
    0.98221,
    0.93647,
    0.94061,
    0.9474,
    0.9203,
    0.90859,
    0.89796,
    0.89048,
    0.88745,
    0.8667,
    0.86234,
    0.85207,
    0.86061,
    0.86025,
    0.85277,
    0.84522,
    0.84017,
    0.83121,
    0.83555,
    0.83183,
    0.82784,
    0.82736,
    0.83433,
    0.82508,
    0.827,
    0.83429,
    0.8218,
    0.8164,
    0.81663,
    0.82334,
    0.82004,
    0.82139,
    0.81495,
    0.81281,
    0.80244,
    0.80454,
    0.80288,
    0.80513,
    0.80994,
    0.80594,
    0.8026,
    0.79926,
    0.79786,
    0.794,
    0.79386,
    0.79572,
    0.79761,
    0.80047
  ],
  "mAP50": [
    0.63958,
    0.76281,
    0.74455,
    0.79877,
    0.81914,
    0.8409,
    0.8561,
    0.82293,
    0.85827,
    0.86514,
    0.87328,
    0.89287,
    0.88786,
    0.9056,
    0.90012,
    0.89068,
    0.90127,
    0.87404,
    0.90311,
    0.91617,
    0.91411,
    0.92034,
    0.91746,
    0.92196,
    0.92147,
    0.92696,
    0.92741,
    0.92725,
    0.92402,
    0.932,
    0.92529,
    0.9272,
    0.92404,
    0.92907,
    0.93626,
    0.93084,
    0.93849,
    0.93161,
    0.93698,
    0.93946,
    0.92711,
    0.93831,
    0.93412,
    0.93135,
    0.93906,
    0.93674,
    0.93822,
    0.93851,
    0.93884,
    0.93653
  ],
  "mAP50-95": [
    0.42795,
    0.5173,
    0.50862,
    0.55991,
    0.56413,
    0.59377,
    0.60607,
    0.60162,
    0.62796,
    0.63878,
    0.6404,
    0.66009,
    0.66254,
    0.67066,
    0.66659,
    0.65387,
    0.67234,
    0.66398,
    0.68502,
    0.69698,
    0.68789,
    0.69508,
    0.69453,
    0.70118,
    0.70608,
    0.71056,
    0.7034,
    0.70662,
    0.70903,
    0.71436,
    0.7091,
    0.7178,
    0.71311,
    0.7197,
    0.7262,
    0.72497,
    0.72927,
    0.72557,
    0.73051,
    0.72882,
    0.72166,
    0.73008,
    0.72769,
    0.73138,
    0.73299,
    0.73281,
    0.73692,
    0.74012,
    0.73841,
    0.74041
  ],
  "precision": [
    0.59098,
    0.77726,
    0.70552,
    0.73652,
    0.79207,
    0.85704,
    0.82992,
    0.81861,
    0.79623,
    0.85872,
    0.82982,
    0.8484,
    0.8366,
    0.86334,
    0.86919,
    0.83988,
    0.88046,
    0.85249,
    0.86334,
    0.86229,
    0.86437,
    0.85983,
    0.85931,
    0.88266,
    0.85169,
    0.87481,
    0.86123,
    0.88398,
    0.85958,
    0.85476,
    0.87241,
    0.87589,
    0.85622,
    0.85648,
    0.87767,
    0.88424,
    0.89808,
    0.8945,
    0.89487,
    0.88553,
    0.88636,
    0.90214,
    0.90405,
    0.8913,
    0.86904,
    0.8742,
    0.90796,
    0.89197,
    0.89486,
    0.88597
  ],
  "recall": [
    0.61136,
    0.66648,
    0.68964,
    0.75505,
    0.74699,
    0.77544,
    0.79228,
    0.78573,
    0.81958,
    0.8113,
    0.83369,
    0.84879,
    0.84772,
    0.86719,
    0.83626,
    0.86315,
    0.84102,
    0.84054,
    0.85146,
    0.86534,
    0.87734,
    0.88066,
    0.88266,
    0.87904,
    0.91719,
    0.89799,
    0.90235,
    0.89364,
    0.90702,
    0.91759,
    0.88406,
    0.88991,
    0.90517,
    0.90959,
    0.90984,
    0.89909,
    0.89917,
    0.89625,
    0.90395,
    0.91446,
    0.89386,
    0.90422,
    0.90165,
    0.8966,
    0.92641,
    0.90561,
    0.8815,
    0.90985,
    0.91297,
    0.91164
  ]
}