{
  "train_loss": [
    0.3374087398102399,
    0.15029812627862169,
    0.10824064771156698,
    0.07438006296899718,
    0.09216646651958017,
    0.053666489848163856,
    0.046906443696081004,
    0.035741956103435786,
    0.04567902879598437,
    0.021386660045637874,
    0.01556249154031922,
    0.013444600369679371,
    0.013185113541803628,
    0.0062315052970368595,
    0.005329160321320835,
    0.011337477249629123,
    0.00521333755395022,
    0.00413972709902849,
    0.0027868066864779398,
    0.002165969545326309
  ],
  "val_loss": [
    0.39876600679965213,
    0.2229134647407453,
    0.20593184011540133,
    0.44103105482400984,
    0.2551503128342811,
    0.3092114050447455,
    0.5602835193583589,
    0.3425787956547411,
    0.259762948376128,
    0.2707251702702398,
    0.2726748779279641,
    0.2810130550161652,
    0.21443026153038422,
    0.23757718426749289,
    0.21829687566497305,
    0.21504728780105373,
    0.2837802032516666,
    0.21244762426610853,
    0.1903328316518688,
    0.2251636462517898
  ],
  "train_acc": [
    0.9013272556642982,
    0.9544174822362247,
    0.9665504759351119,
    0.9752647808017161,
    0.9712427939402065,
    0.9829735889529427,
    0.9853867810698484,
    0.9888054699021317,
    0.9859230459847165,
    0.9936318541359431,
    0.9950395495374715,
    0.9957769137954149,
    0.9959780131384904,
    0.9980560396836037,
    0.9983912052553962,
    0.9967153773964338,
    0.9985923045984716,
    0.9987934039415471,
    0.9992626357420565,
    0.9995307681994905
  ],
  "val_acc": [
    0.8883058470764618,
    0.931784107946027,
    0.9400299850074962,
    0.896551724137931,
    0.9415292353823088,
    0.9182908545727136,
    0.881559220389805,
    0.9205397301349325,
    0.9310344827586207,
    0.9295352323838081,
    0.9377811094452774,
    0.9355322338830585,
    0.954272863568216,
    0.9415292353823088,
    0.9452773613193404,
    0.9557721139430285,
    0.9362818590704648,
    0.9490254872563718,
    0.952023988005997,
    0.9497751124437781
  ]
}